id;name;content_style;comments;approved_template_id;created_by;created_on;updated_by;updated_on
1;Pants Rustic Metal Salad;input Cambridgeshire optical;Bond Markets Units European Composite Unit (EURCO) 6th generation maroon;superstructure mobile;Prairie SAS enhance;2021-01-08;Steel Division;2021-01-08
2;Cambridgeshire Oklahoma;collaborative navigate;Facilitator;intranet Plains;Buckinghamshire cutting-edge;2021-01-08;AI bypassing Avon;2021-01-07
3;eyeballs parse orchestration;Fantastic;Berkshire turquoise Tools;synthesize;Venezuela Bacon;2021-01-08;California Global Credit Card Account;2021-01-07
4;artificial intelligence Practical Granite Chips Corporate;Global;quantify content-based Administrator;deposit Stream Licensed Wooden Bike;Drive Avon Garden;2021-01-08;Practical Metal Sausages Licensed Rubber Pants;2021-01-08
5;optimizing;Summit;Virginia;circuit indigo Implementation;Solutions pixel;2021-01-08;sticky;2021-01-08
6;enable Tuvalu Borders;Realigned Saint Helena modular;Toys;Marketing Home Loan Account;Afghani Tasty Shores;2021-01-07;sensor circuit;2021-01-08
7;Walks CSS asynchronous;Buckinghamshire;Operations Uganda Shilling Intelligent;optical Chicken;Computers matrix;2021-01-08;overriding Directives Berkshire;2021-01-07
8;haptic Developer;Dominica Springs;Camp Buckinghamshire;Buckinghamshire South Carolina program;schemas SMS;2021-01-07;Awesome Intelligent Frozen Salad RAM;2021-01-08
9;Corporate web-enabled;Morocco;Robust deposit;Paradigm Handcrafted application;Producer transitional Green;2021-01-07;Web;2021-01-08
10;Soft blue aggregate;Metal killer New Mexico;Rubber;Representative;white synthesize;2021-01-08;hacking Usability;2021-01-08
