id;type;url;status;created_by;created_on;updated_by;updated_on
1;QCash;http://francisco.name;PROCESSING;transmitting Supervisor online;2021-01-11;dynamic;2021-01-11
2;QCash;http://durward.net;PROCESSING;Manager Metal;2021-01-11;Assimilated;2021-01-12
3;QCash;https://erik.biz;PROCESSING;Mobility;2021-01-12;extend San Marino grow;2021-01-11
4;Other;https://foster.com;PROCESSING;expedite withdrawal navigate;2021-01-12;index index;2021-01-12
5;QCash;https://hector.info;INIT;Forest back-end;2021-01-11;Pine demand-driven Lakes;2021-01-11
6;Other;http://curt.com;INIT;Plastic Baht;2021-01-12;deposit Supervisor;2021-01-12
7;Other;http://gaston.com;PROCESSING;SCSI hierarchy program;2021-01-11;Applications Wooden;2021-01-12
8;QCash;http://jaime.net;PROCESSING;Liaison Re-contextualized card;2021-01-12;Response Security benchmark;2021-01-12
9;QCash;http://dandre.org;INIT;Coordinator;2021-01-11;Texas;2021-01-11
10;Other;https://laisha.name;PROCESSING;calculate indexing Cotton;2021-01-11;indexing Integration;2021-01-12
